{
    "loss": 0.27150630950927734,
    "accuracy": 0.9319587349891663
}