{
    "loss": 0.15096987783908844,
    "accuracy": 0.9670103192329407
}