{
    "loss": 0.24163509905338287,
    "accuracy": 0.9309278130531311
}