{
    "loss": 0.6513258814811707,
    "accuracy": 0.746391773223877
}